Name;Surname;Artist_name;Country;Date_of_birth;Dead_date;Biography;Awards;Directing;Acting
Quentin;Tarantino;;USA;1963-03-27;;"Quentin Tarantino se narodil 27. března roku 1963 v americkém Knoxville teprve šestnáctileté Connie Tarantinové. Své jméno Quentin dostal podle matčiny oblíbené televizní postavy Quinta ze seriálu ""Gunsmoke"". Quentinův otec byl jistý Tony Tarantino, který rodinu opustil když byl Quentin ještě malinký. Jeho dětství a dospívání ovlivnily nejen filmy, ale pop kultura obecně. Televizní seriály, komiksy, populární hudba, to vše jako mladý hltal ve velkém a stále neměl…";Divoký Django (2012) (Nejlepší původní scénář);Django Unchained;Django Unchained
Tom;Hanks;;USA;1956-07-09;;"Jeho rodiče se rozvedli, když mu bylo pouhých pět let. Na střední škole se věnoval sportu a chtěl se stát kosmonautem. Nakonec ale objevil herectví. Své komediální nadání zužitkoval už na prknech školního divadla, kde také začal sbírat svá první ocenění. Jeho kroky posléze vedly přes Chabotskou univerzitu na Kalifornskou státní univerzitu v Scramentu, kde potkal svou první manželku Samanthu Lewes, s níž má syna Colina (který se také stal hercem) a dceru Elizabeth. Při natáčení filmu VOLUNTEERS se seznámil s Ritou Wilson, která se nakonec v roce 1988 stala jeho druhou ženou. Mají spolu dvě děti.Hanksova filmová kariéra začala v komediích, v kterých si získal publikum, díky svým bezchybným komediálním výkonům ve filmech jako byl například hit Rona Howarda ŽBLUŇK. V roce 1988 byl poprvé nominován na Oscara za hlavní roli ve filmu VELKÝ. V devadesátých letech se přesunul z komedií do ""seriózních"" filmů a získal Oscara hned dvakrát za sebou. Nejdříve za film PHILADELPHIE a následující rok za svůj strhující výkon ve snímku FORREST GUMP. V následujících letech přibyly další oscarové nominace, za válečný snímek ZACHRAŇTE VOJÍNA RYANA a TROSEČNÍKA. Za sebou má i režijní zkušenost v podobě komedie TO JE NÁŠ HIT!.V současnosti patří Tom Hanks mezi nejlepší herce své generace. Z talentovaného komika se stal během několika let americkým národním klenotem. Spolu se svým dobrým přítelem Stevenem Spielbergem patří mezi nejvlivnější tvůrce Hollywoodu. Exceluje stejně v komediích jako ve vážných dramatech a jeho postavy jsou jen stěží zapomenutelné. Většina snímků ve kterých se v devadesátých letech objevil, patří mezi to nejkvalitnější z hollywoodské produkce. Spojuje v sobě hereckou neokázalost a vystupování milého chlapíka od vedle, díky němuž je divákům blízký.";Forrest Gump (1994) (Nejlepší herec v hlavní roli);;Forrest Gump | Cast Away
Robert;Zemeckis;;USA;1951-05-14;;Okuliarnatý vizionár, producent, vedúci výroby, scenárista, režisér, tvorca amerických filmov, pokladaných za „veľké“. Krátkometrážne nakrúcal už na strednej. Študoval na Juhokalifornskej univerzite (prestúpil na ňu z Northern Illinois University). Dnes býva pokladaný za „žiaka“ Stevena Spielberg, podobne, ako napr. Joe Dante („Gemlins“) alebo Tobe Hooper („Poltergeist“). Nejedná sa o to, že by Spielberg vyučoval réžiu na nejakej univerzite# pod slovným spojením „žiak - učiteľ“ sa má na mysli to, že Spielberg, pamätajúci na trpkú pachuť zo svojich začiatkov (kedy mu mocní producenti nedôverovali a hádzali polená pod nohy), si často bral pod ochranné krídla svojich menej slávnych ale dokonca ešte len začínajúcich rovesníkov (Zemeckis je od neho mladší o päť rokov) a z pozície producenta / šéfa výroby im poskytoval dostatok priestoru na realizovanie ich vlastných nápadov.Úspech sa dostavil už v začiatkoch kariéry, keď nakrútil cenený kraťas FIELD OF HONOR a jednak písaním televíznych scenárov („McCloud“). V televízii NBC sa živil aj ako strihač. Skutočná sláva sa však dostavila až keď si ho (a jeho spolužiaka, kamaráta a spolu pisateľa ich scenárov Boba Galea) všimol Spielberg. Najskôr im produkoval I WANNA HOLD YOUR HAND a Zemeckis s Galeom mu následne pracovali na scenári k jeho „vojnovej komédie“ 1941. Nasledovnú komédiu USED CARS už Robert režíroval. A potom to prišlo.Najskôr slávna sci-fi trilógia s Michaelom J. Foxom a Christopherom Lloydom NÁVRAT DO BUDÚCNOSTI a potom dobrodružná HONBA ZA DIAMANTOM. Za prvú „časovku“ boli Zemeckis / Gale nominovaní na Oscara za najlepší scenár. Druhé a tretie pokračovanie sa nakrúcali na jeden záťah, ale premiéru mali v rokoch 1989 a 1990. „Honba“ pochádzala z hlavy produkujúceho herca Michaela Douglasa. Ten dostal nápad dávno pred nakrúteným Indyho, ale až do Spielbergovho triumfálneho dobrodružstva boli hollywoodske štúdia voči jeho nápadu rezervované do takej miery, že mu výrobu povolili až po mega úspechu „Dobyvateľov“. Douglas bol očarený filmom „Used Cars“ a tak sa postaral, aby jeho nápad režíroval práve toho času 32-ročný Zemeckis. Úspešný film sa dočkal pokračovania, ale už v réžii Lewisa Teaguea („Aligátor“).Že nakrúca technicky vizionárske filmy, potvrdil Zemeckis trikovou komédiou KTO OBVINIL KRÁLIKA ROGERA? Tá kombinovala hraný film s animovaným. Rokmi sa na ňu (márne) snažili naviazať filmy ako „Space Jam“.Odvážnym krokom bola čierna fantasy komédia SMRŤ JEJ PRISTANE o tom, že smrť má zmysel, s Meryl Streepovou, Goldie Hawnovou a Bruceom Willisom# ale po komerčnej stránke pohorel. Podobne na tom bolo „sci-fi s myšlienkou“ KONTAKT, ktorý nakrútil s Jodie Fosterovou a Matthewom McConaugheym v roku 1997. V tom istom roku založil produkčnú firmu ImageMovers a rok predtým produkčne kryl Petra Jacksona v jeho duchárskej komédii s Michaelom J. Foxom PRÍZRAKY. Tá mala nízku tržbu, ale vzhľadom na povestne nízky jacksonovský rozpočet sa zaplatila.Najväčší umelecký úspech slávil adaptáciou románu Winstona Grooma FORREST GUMP, ktorý sa zapísal do sŕdc miliónov sentimentálnych divákov tým, že „život je ako bonboniéra“. Ako po rokoch dodal herec Tom Hanks, stelesňujúci tohto najslávnejšieho idiota v dejinách filmu, „vlastne sme ani nevedeli, čo nakrúcame a výsledkom bol taký báječný film“. Báječný natoľko, že v oscarovej bitke zrazil na kolená aj „Vykúpenie z väznice Shawshank“. Získal šesť Oscarov, vrátane za najlepší film a réžiu.Ako R. Z. hovorí, nebyť toho, akú váhu má meno jeho a Hanksa, štúdio by im nedovolilo nakrútiť svojskú drámu STROSKOTANEC. Svojskú hlavne preto, že sa nejednalo o klasickú robinsoniádu a naviac sa nakrúcala na dva krát. Prvá polovica bola o tom, ako Hanks stroskotá na opustenom ostrove a jeho prvé tunajšie peripetie. Nasledovala pauza, počas ktorej Hanks nadobudol bohatú bradu a rapídne schudol. Pauzu medzi prvou a druhou „epizódou“ Stroskotanca Zemeckis vyplnil réžiou nenáročného, ale remeselne sebavedomého, duchárskeho thrilleru s Michelle Pfeifferovou a Harrisonom Fordom POD POVRCHOM. Dej sa odohrával v jesennom Vermonte a reklamy ho svojho času charakterizovali ako „hitchcockovský thriller“.Zemeckis nenakrúca často, ale keď už, zakaždým spolupracuje s veľkými hollywoodskymi hviezdami. S Hanksom do tretice spolupracoval na po vizuálnej stránke prelomovom vianočnom POLÁRNOM EXPRESE. V ňom Hanks stelesnil hneď niekoľko rolí. Film s rozpočtom cez 150 miliónov dolárov sa napokon zaplatil, aj keď to s ním po tejto stránke vyzeralo zle. Bol nakrútený revolučnou metódou „motion capture“, kedy pohyby a mimika hercov je prevedená prostredníctvom PC technológie do animovanej podoby.Voľný čas si Zemeckis kráti aj ako spolumajiteľ (ďalej napr. Joel Silver) produkčnej firmičky Dark Castle, ktorú založil s Joelom Silverom, rozhodnutí raz do roka produkovať nenáročný horor. Takto pre nich nakrútil William Malone „Dom na Haunted Hill“ s Geoffreym Rushom, Steve Beck „13. duchov“ s Tonym Shalhoubeom a „Loď duchov“ s Gabrielom Byrneom, Francúz Mattheau Kassovitz „Gothiku“ s Halle Berryovou alebo Avi Nesher krotkú zombíčinu „Rituál“ s Jennifer Greyovou. Že má rád sympaticky béčkarské hororové príbehy, Zemeckis potvrdil už dávno, keď sa podieľal na slávnych TV show typu „Amazing Stories“ alebo „Poviedky z hrobky“. Táto láska má korene už v jeho skromnom detstve (vyrastal v Chicagu), kedy miloval béčkarské horory typu „Blob“.Dnes je Bob Zemeckis v Hollywoode autorita. Už dávno dokázal, že miluje príbehy, ale ani vo svojich „najumeleckejších“ filmoch by sa však nezaobišiel bez najmodernejších CGI trikoch (nohy Garyho Sinisea, havária lietadla v „Stroskotancovi“).Za svoj najbližší projekt Zemeckis ohlásil fantasy epos BEOWULF. Od nápadu, že by film nakrútil Roger Avary ako hraný projekt, sa upustilo od chvíle, keď sa do situácie vložila Zemeckisova firma Shangri-La Entertainment.;Pod povrchem (2000) (Nejlepší režie) | Kontakt (1997) (Nejlepší režie | Forrest Gump (1994) (Nejlepší režie);Forrest Gump | Cast Away;
Dustin;Hoffman;;USA;1937-08-08;;Studoval klasickou a jazzovou hudbu, jelikož se chtěl stát klavírním virtuosem. Brzy však přehodnotil své ambice a rozhodl se pro herectví. Z Los Angeles se vydal do New Yorku. Až na pátý pokus byl přijat Lee Strasbergem do slavného hereckého učiliště Actors Studia. Mezitím si vydělával jako prodavač hraček, ošetřovatel v psychiatrickém ústavu, číšník, umývač nádobí, písař, vrátný a barový pianista. Bydlel u svého velkého kamaráda Gena Hackmana, s kterým velmi obdivovali Marlona Branda. Divadelní hry Kuchař pro pana generála, Čekání na Godota a Cesta pátého koně mu otevřeli cestu k filmu.Debutoval v roce 1967 komedií ABSOLVENT, kde hrál citově nezkušeného studenta Benjamina Braddocka /nominace na Oskara 1968/ . Tuberkolózní ztroskotaný podvodníček Enrico Rizzo žijící v bídě v New Yorku ve filmu PŮLNOČNÍ KOVBOJ /nominace na Oskara 1970/ . Stodvacetiletý Jack Crabb vyprávějící reportérovi svůj životní příběh, který prožíval střídavě mezi Indiány a mezi bělochy ve westernové fresce MALÝ VELKÝ MUŽ. David Sumner, donucen okolnostmi brutálně bránit svůj dům ve filmu Sama Peckinpaha STRAŠÁCI. Galejník Louis Dega, který díky svému bohatství ma o něco lepší podmínky než ostatní vězni, ve filmu MOTÝLEK podle autobiografické knihy Henryho Charriera. Provokativní a požitkářský kabaretiér Lenny Bruce v životopisném filmu LENNY /nominace na Oskara 1975/ .Rok 1976 přinesl dva další velmi úspěšné filmy. Reportér Carl Bernstein, který odhalil a zveřejnil zákulisí aféry Watergate ve filmu podle skutečné události VŠICHNI PREZIDENTOVI MUŽI a student Thomas Babington, jenž netuší, kým je jeho bratr, což ho uvrhne do smrtelného nebezpečí ve fimu MARATÓNEC.Hoffmanovy rodinné i pracovní problémy pomohl překonat přepis bestselleru KRAMEROVÁ VERSUS KRAMER /Oskar 1980/ , když hrál Teda Kramera, čestného otce jenž se svou manželkou bojuje o výchovu syna. Hoffman si dal na tři roky hereckou pauzu, aby se poté k filmu fenomenálně vrátil jako Michael Dorsey, který se až v dámském převleku jako Dorothy Michaels dokáže prosadit v showbusinnesu v komedii TOOTSIE /nominace na Oskara 1983/ .Televizní verze hry Arthura Millera SMRT OBCHODNÍHO CESTUJÍCÍHO vynesla Hoffmanovi Zlatý glóbus za ztvárnění přepracovaného Willyho Lomana, jejíž postavou slavil veliký úspěch i na divadle, kam se Hoffman často a rád vrací.Dustin Hoffman má dosti často rozdílné názory než režiséři, takže se s nimi dostává do konfliktů, takovýto rozpor protáhl přípravu a natáčení filmu RAIN MAN /Oskar 1989/ , to se ale ukázalo jako velmi prospěšné, jelikož tento film získal mnohá významná ocenění a Hoffmanova kreace autisty Raymonda Babbitta, který by rád pokračoval svým životem, přestože zdědil několik milionů.Filmový producent manipulující veřejnost, aby zatajil prezidentovu aféru v komedii VRTĚTI PSEM /nominace na Oskara 1998/.Při jméně Dustin Hoffman se člověku vybaví nevysocí, zakomplexovaní, nemocní, blázniví a slabí hrdinové bojující po svém proti nespravedlnostem. Dustin Hoffman je známý svou pečlivou přípravou na role, jež bude hrát.;Rain Man (1988) (Nejlepší herec v hlavní roli);;Rain man
Barry;Levinson;;USA;1942-04-06;;Barry Levinson bol vždy aktívny, čo sa týka zárobku (jeho otec bol podnikateľ). Nikdy sa nespoliehal na producenta. Oveľa radšej sa na producenta „hral“ on sám. Už v mladosti predával všetko možné (autá, Biblie). Popri štúdiu televíznej a rozhlasovej žurnalistiky (štúdium nedokončil) sa stíhal aj aktívne venovať brigáde v TV. Dnes je z neho nielen cenený režisér, ale aj schopný, skúsený a pomerne úspešný producent (rozhodne nie len vlastných filmov). Je špecialista na drámy, stojace na atmosfére a hereckých výkonoch. Po presťahovaní do Kalifornie absolvoval herecké kurzy. Postupne sa čoraz viacej presadzoval ako TV scenárista. Vďaka tomuto lukratívnemu miestu spolupracoval (ako spolu scenárista a herec) s Melom Brooksom na jeho NEMOM FILME alebo HIGH ANXIETY. Herectvo mu nikdy nezostalo úplne cudzie (OTÁZKY A ODPOVEDE Roberta Redforda, ktorého režíroval v „Prirodzenom talente“). V roku 1975 (do 1982) sa oženil s Valeriou Curtinovou. 1979 spolu s ňou pre Normana Jewisona napísal scenár ...A SPRAVODLIVOSŤ PRE VŠETKÝCH (nominácia na Oscara za scenár). Momentálne žije v manželstve s Dianou Rhodesovou. Tá im porodila zatiaľ dve deti.Režijne debutoval melodrámou DINER (oscarová nominácia ´82– scenár) so Steveom Guttenbergom, Kevinom Baconom a Mickey Rourkeom. Do príbehu vložil veľa z toho, čo zažil. Nasledoval PRIRODZENÝ TALENT s Redfordom a Glenn Closeovou (tá si odniesla nomináciu na Oscara). Nasledujú vietnamská smutná komédia s Robinom Williamsom DOBRÉ RÁNO, VIETNAM (1987) a strhujúci RAIN MAN (1988) s Dustinom Hoffmanom a Tomom Cruiseom. Tento projekt mal pôvodne režírovať Spielberg. Barrymu vyniesol úspech u divákov aj kritiky (Oscar - najlepšia réžia). Portrét slávneho gangstera BUGSY (1991, v hlavnej úlohe Warren Beauty s Annettou Beningovou) je nominovaný na 9 Oscarov. Po slabšom období (ale aj to je nadpriemerné - na scenáristického Oscara nominovaný AVALON a HRAČKY znova s Robinom Wiliamsom) sa vracia v plnej sile dvojicou zatiaľ dvoch posledných vyložene vydarených projektov......V druhej polovici 90. rokov zaujal adaptáciou románu Lorenza Carcattera, napísaného na základe skutočných udalostí. SPÁČI, to je strhujúci príbeh o chlapcoch, ktorí sa v dospelosti zapletú do montechristovského aktu pomsty, lží a sĺz. Odľahčením bol WAG THE DOG - svižná satirická komédia o falošnej vojne, majúcej za úlohu zamaskovať škandál amerického prezidenta s De Nirom a dvorným Dustinom Hoffmanom (obaja sa stretli už v „Spáčoch“). Komédia vznikala v čase doznievania aféry Clinton – Lewinská na základe knihy Larryho Beinarta (s Hilary Henkinovou ju zadaptoval David Mamet).Ale! Ešte pred pár rokmi renomovaný, kritikou milovaný Barry nemá od roku 1998 šťastné obdobie. Začalo sa to veľkorozpočtovou (80,-) adaptáciou sci-fi hororu Michaela Crichtona SPHERE. Nakrúcalo sa na Havaji aj Islande. Po rokoch síce znova spolupracuje s Hoffmanom, ale Crichton z pozície producenta mu rozpráva do nakrúcania. Levinson má dostatok moci, aby sa nezľakol, ale výsledný film nenaplní ambície a Levinsonova povesť je pošramotená. Reputáciu mu vyložene nenapravuje ani trojka Blanchettová – Willis – Thornton v šarmantných BANDITOCH a ani jedna z najslabších „Frat Pack komédii“ ZÁVISŤ (s Benom Stillerom a Jackom Blackom). Nepomáha ani režírovania TV dokumentov ORIGINAL DINNER GUYS + THE 20th CENTURY: YESTERDAY´S TOMORROWS a diváckym nezáujmom trpiace filmy NESPÚTANÁ VOĽNOSŤ (1999) a TRVALÝ MIER (2000). Z jeho ostatnej práce ako režiséra spomeňme fantastické dobrodružstvo PYRAMÍDA HRÔZY (aka Young Sherlock Holmes - 1985). V nej si scenárista Chris Columbus požičal postavy od sira Doylea a posadil ich do vlastného príbehu. z produkcie Stevena Spielberga. Ďalej KONKURENTI (1987) s Richardom Dreyfussom a Danny DeVitom a komédia JIMMY HOLLYWOOD (1994).Aspoň že sú tu ešte jeho produkčné aktivity. S Markom Johnsonom založil v roku 1990 filmovú spoločnosť Baltimore Productions. Ako producent / šéf výroby kryl chrbát už Stevenovi Soderberghovi (KAFKA), Mikeovi Newellovi (DONNIE BRASCO), Agnieszke Hollandovej (SHOT IN THE HEART), Wolfgangovi Petersenovi (DOKONALÁ BÚRKA), Neilovi LaButteovi (POSSENSSION) či Haroldovi Ramisovi (ANALYZE THIS 2). Apropo, kvôli menu si ho občas mýlia s Barrym Sonnefeldom („Muži v čiernom“).;Rain Man (1988) (Nejlepší režie);Rain man;
Christopher ;Nolan;;Velká Británie;1970-07-30;;Christopher Nolan se narodil 30. července 1970 v Londýně britskému otci a americké matce. Když v jeho sedmi letech zachvátila svět mánie jménem Star Wars, nevyhnula se ani jemu a se svým starším bratrem Mattem začal natáčel na otcovou 8 mm kameru krátké filmečky. Během studií na University College v Londýně, kde studoval anglickou literaturu, natočil na 8 mm kameru filmeček TARANTELLA, který se dočkal i úspěchu v USA na festivalu Image Union pořádaný společností PBS v roce 1989. To mu otevřelo cestu do studentské filmařské společnosti, kde si navíc poprvé osahal 16 mm kameru.Zhruba v polovině 90. let minulého století se seznámil s Jeremym Theobaldem, který se objevil v jeho krátkém filmu LARCENY, který byl uveden Cambridgském filmovém festivalu v roce 1996, a následně ještě v tříminutovém surrealistickém dílku DOODLEBUG. A byl to právě Jeremy Theobald, který mu koprodukoval a navíc si i zahrál v jeho prvním celovečerním snímku, který se jmenoval FOLLOWING. Bezrozpočtový, černobílý film, jehož výroba společně s produkcí trvala téměř rok, byla dokončena v roce 1998 sesbírala mnoho cen, zejména na MFF v Rotterdamu.A právě úspěch FOLLOWING jej postavil na hranici mezi nezávislou filmařinu a komerční svět. K MEMENTU si sám napsal scénář, do hlavních rolí obsadil Guye Pearce, Carrie Ann-Moss a Joe Pantoliana a stvořil jeden z nejoriginálnějších snímků 90. let, kde v obrácené časové chronologii odvyprávěl příběh muže, hledajícího vraha své ženy. Jeho problém je v tom, že nedokáže vytvářet nové vzpomínky, takže jeho jedinými indiciemi jsou spousty tetování na vlastním těle a do podrobna popsané fotky.Vlna ohlasu, kterou díky Mementu zaznamenal, jej vynesla ještě výš. K dispozici dostal osmdesáti milionový rozpočet, tři oscarové herce, Ala Pacina, Robina Williamse a Hillary Swank, působivý scénář Hillaryho Seitze a stvořil ultratemnpu INSOMNII, ve které tvrdý policajt pátrá po brutálním vrahovi mladé dívky. Nehostinnou Aljašku, den, který nikdy nekončí a neustále se zvyšující pocit vyčerpání způsobený nespavostí hlavního hrdiny, dokázal Nolan přenést na diváka naprosto spolehlivě. Jedinou chybou Insomnie se nakonec stal fakt, že přišla až po Mementu a nedostalo se jí tedy takového uznání.Ač to nikdo už nečekal, snad téměř každý filmový divák ví, jak to dopadlo v rukou Joela Schumachera, bylo rozhodnuto o resuscitaci komiksového hrdiny, který nosí černou masku se špičatým nosem a obří plášť ve tvaru netopýřích křídel. Pro film BATMAN ZAČÍNÁ si ke spolupráci Nolan přizval scénáristu Davida S. Goyera, který si napravuje reputaci po třetím dílu Bladea a předložili publiku netopýřího muže tak, jak jej zatím ještě nevidělo. V hlavní roli okřídleného mstitele se objevil Christian Bale a rolí jeho protivníků připadly Kenu Watanabemu a Cillianu Murphymu.Po velikém úspěchu BATMAN ZAČÍNÁ, natočil posléze film DOKONALÝ TRIK, v hlavní roli opět s Christianem Balem a Hugh Jackmanem. Opět thriller, tentokrát o dvou soupeřících kouzelnících. Pravděpodobně jeho nejproslulejším, nejvýdělečnějším a kritiky i diváky nejlépe přijatým dílem se stal roku 2008 TEMNÝ RYTÍŘ. Pokračování dobrodružství černého maskovaného hrdiny překonalo rekordy v rozpočtu i náštěvnosti. Batman zde soupeří s vychytralým psychopatem zvaným Joker, jehož role připadla Heathu Ledgereovi a byla poslední rolí, jakou před svou smrtí odehrál. I to mělo za následek, že se z Temného rytíře stal v podstatě ihned trhák i kult. Několik měsíců před premiérou byl Ledger nalezen mrtev ve svém bytě. Jeho výkon v roli Jokera mu přinesl několik filmových ocenění, včetně sošky Oscara. Nolan tak dokázal úspěšnost svých režijních postupů a metod ještě více.K jeho největším vzorům patří Ridley Scott a jeho Blade Runner je pro něj nejinspirativnějším snímkem. Dále obdivuje snad všechna díla od Stanleyho Kubricka a Johna Frankenheimera. Je ženatý s filmovou producentkou Emmou Thomasovou, se kterou má dceru, která se narodila během natáčení Insomnie. Díky svému umu si dokázal naklonit velké producenty, kteří mu rádi ukáží štědrou ruku a jejich důvěru může Nolan dokázat už příště, protože jen blázen by odmítnul natočit pokračování Batmana, který tak slibně začal.;Počátek (2010) (Nejlepší scénář) | Počátek (2010) (Nejlepší režie);Inception | Interstellar ;
Matthew;McConaughey;;USA;1969-11-04;;"Je jedním z předních hvězd Hollywoodu, jeho filmy utržily již více než miliardu dolarů. Narodil se v Texasu, vystudoval University of Texas v Austinu. Chtěl se stát právníkem. V okamžiku, kdy objevil inspirativní knihu Oga Mandina „The Greatest Salesman In The World, před jednou ze svých závěrečných zkoušek, věděl, že by měl od práva přejít k filmu.McConaughey zahájil svou hereckou kariéru v roce 1991, kdy se objevil ve studentských filmech a reklamách v Texasu, režíroval také krátké filmy. Dostal šanci potkat se v Austinu s producentem Donem Phillipsem, který ho představil Richardovi Linklaterovi a byl obsazen do kultovní klasiky Dazed And Confused. Od té doby se McConaughey objevil ve více než 40 filmech, stal se producentem a režisérem, filantropistou s pevnou vazbou na Texas a filozofii „JK livin"". K osobnostem Hollywoodu, se kterými pracoval patří Steven Spielberg, Robert Zemekis, Anthony Hopkins, Jodie Foster, Sandra Bullock a Al Pacino. V roce 2012 dokončil McConaughey kromě filmu Bernie také drama Killer Joe v režii legendárního Williama Friedkina, Magic Mike Stevena Soderbergha a filmy The Paperboy a Mud.Kromě filmové kariéry se Matthew věnuje nadaci The Just Keep Livin, kterou založil v roce 2008.";Vlk z Wall Street (2013) (Nejlepší film) | Vlk z Wall Street (2013) (Nejlepší herec v hlavní roli) | Krvavý diamant (2006) (Nejlepší herec v hlavní roli);;Interstellar 
Leonardo;DiCaprio;;USA;1974-11-11;;Držitel mnoha cen a trojnásobný držitel nominace na Oscara. Za roli ve filmu Quentina Tarantina Nespoutaný Django byl nominován na Zlatý glóbus. Před filmem Nespoutaný Django hrál v režii Clinta Eastwooda hlavní roli ve filmu J. Edgar. Za svůj výkon v tomto filmu získal cenu Zlatý glóbus a nominace na Cenu kritiků a cenu Sdružení filmových a televizních herců (SAG). Dále hrál v kasovním trháku Christophera Nolana Počátek a dramatickém thrilleru Martina Scorseseho Prokletý ostrov.V roce 2007 byl nominován na Oscara za výkon v dramatu Edwarda Zwicka Krvavý diamant, za který také obdržel Zlatý glóbus, Cenu kritiků a nominaci na cenu Sdružení filmových a televizních herců (SAG). V témže roce získal Zlatý glóbus, cenu BAFTA, Cenu kritiků a nominace na cenu Sdružení filmových a televizních herců (SAG) za svou roli ve Scorseseho filmu Skrytá identita, který získal Oscara za nejlepší film. Společně s celým obsazením filmu Skrytá identita byl nominován na cenu Sdružení filmových a televizních herců (SAG) za nelepší herecký výkon.V minulosti získal nominaci na Oscara za svůj výkon v uznávaném Scorseseho životopisném filmu z roku 2004 Letec. Za své ztvárnění Howarda Hughese získal cenu Zlatý glóbus v kategorii Nejlepší dramatický herec a nominaci na Cenu kritiků a cenu BAFTA. Společně s ostatními herci ve filmu Letec byl nominován na cenu Sdružení filmových a televizních herců (SAG), jednou v kategorii Nejlepší herec a podruhé za nejlepší herecký výkon.Vedle herectví si DiCaprio založil vlastní produkční společnost Appian Way. Pod hlavičkou společnosti Appian Way napsal, produkoval a četl komentář k uznávanému dokumentárnímu filmu 11. hodina, zaměřenému na ochranu životního prostředí. Společnost Appian Way dále produkovala již dříve zmíněné filmy Prokletý ostrov a Letec, dále filmy Dny zrady, Červená Karkulka, Orphan, Veřejní nepřátelé nebo filmy Out of the Furnace s Christianem Balem a Woody Harrelsonem v hlavních rolích a Na hraně s Justinem Timberlakem a Benem Affleckem.DiCaprio se narodil v Hollywoodu v Kalifornii a hrát začal už ve 14 letech. Průlom přišel v roce 1993 s rolí v celovečerní filmové adaptaci autobiografického dramatu Tobiase Wolffa v režii Michaela Caton-Jonese Dospívání po americku. Ještě v témže roce obsadil jednu z hlavních rolí ve filmu Lasse Hallströma Co žere Gilberta Grapea a za své ztvárnění mentálně postiženého mladíka získal své první nominace na Oscara a Zlatý glóbus. Dále získal cenu National Board of Review za nejlepší vedlejší roli a za svůj výkon ve filmu cenu New Generation udělovanou Asociací filmových kritiků Los Angeles.V roce 1995 si DiCaprio zahrál hlavní role ve třech velmi odlišných filmech, počínaje westernem Sama Raimiho Rychlejší než smrt. Vysloužil si také uznání za svůj výkon v roli narkomana Jima Carrolla v hrůzném dramatu Rváčův deník a za ztvárnění narušeného sexuálně nevázaného básníka Arthura Rimbauda ve filmu Agnieszky Hollandové Úplné zatmění. V následujícím roce si DiCaprio zahrál hlavní roli v nové filmové adaptaci Baze Luhrmanna Romeo a Julie, za kterou získal na Berlínském mezinárodním filmovém festivalu cenu za nejlepší herecký výkon. Připojil se také k hvězdnému obsazení ve filmu Marvinův pokoj, za který byl celý tým nominován na cenu Sdružení filmových a televizních herců (SAG) za vynikající herecký výkon. V roce 1997 hrál DiCaprio po boku Kate Winsletové v kasovním trháku Titanik, za který byl nominován na cenu Zlatý glóbus. Na své cestě k 11 Oscarům, včetně Oscara za nejlepší film, tento film prolomil všechny rekordy v prodeji vstupenek.O DiCapriovi je známo, že se věnuje ochraně životního prostředí v celosvětovém měřítku a že produkuje kreativní projekty, například dokumentární film 11. hodina, po kterém byly zahájeny četné kampaně upozorňující veřejnost na tuto problematiku, a byla založena Nadace Leonarda DiCapria. DiCaprio je členem výborů ve Světovém fondu na ochranu přírody, Radě pro ochranu přírodních zdrojů a Mezinárodním fondu na ochranu zvířat.;;;Inception
Ridley;Scott;;Velká Británie;1937-11-30;;Scott je absolventem prestižní londýnské Royal Academy of Art. Svou režisérskou kariéru zahájil v BBC, kde pracoval na některých populárních televizních pořadech, stejně jako na reklamách. Po třech letech založil svou vlastní společnost, RSA, která se brzy stala jednou z nejúspěšnějších komerčních produkčních společností v Evropě, později se přidaly kanceláře v New Yorku a Los Angeles. RSA si stále udržuje vysoký profil na světovém trhu a zastupuje mnoho známých režisérů ve filmu a reklamě. Během své kariéry Scott režíroval více než 2000 reklam, provokativní  reklamu Share the Fantasy pro Chanel No 5 a jeho orwellovskou reklamu na počítače Apple, která se sice vysílala pouze jednou během Super Bowlu v roce 1984, ale zůstává reklamním měřítkem kvality. Nedávno magazín Advertising Age tuto reklamu označil za nejlepší reklamu za posledních 50 let. Scottova reklamní práce také posbírala řadu ocenění na mnoha festivalech včetně Cannes a Benátek.Scottovým režijním debutem byl snímek Soupeři z roku1977, za který získal cenu v kategorii Nejlepší filmový debut na Filmovém festivalu v Cannes. Následoval sci-fi trhák Vetřelec, kterým zahájil velice úspěšnou franšízu a katapultoval Sigourney Weaverovou ke slávě. V roce 1982 Scott režíroval kultovní film Blade Runner s Harrisonem Fordem. Dnes již považován za sci-fi klasiku, tento futuristický thriller byl přidán do Národního filmového registru knihovny Kongresu Spojených států amerických v roce 1993 a režisérská verze filmu Blade Runner šla do distribuce s opětovně nadšeným přijetím v roce1993 a znovu v roce 2007.Scott dále režíroval filmy Legenda s Tomem Cruisem# Ten, kdo mě hlídá# Černý déšť s Michaelem Douglasem a Andy Garciou# 1492: Dobytí ráje# Bílá smršť s Jeffem Bridgesem# G. I. Jane s Demi Mooreovou a Viggo Mortensenem# a velmi úspěšného Hannibala v hereckém podání Anthony Hopkinse s Julianne Mooreovou.V roce 1995 Scott a jeho mladší bratr, také filmař, Tony Scott, založili společnost Scott Free Productions. Od dob svého vzniku tato produkce vyrobila širokou škálu filmových a televizních projektů včetně řady filmů, které režírovali Ridley a Tony Scott. Pod jmenovkou společnosti Scott Free Ridley Scott produkoval takové celovečerní filmy jako Není úniku s Vincem Vaughnem a Joaquinem Phoenixem# Balík peněz v hlavní roli s Paulem Newmanem# Tristan a Isolda s Jamesem Francem a Sophií Mylesovou# Zná ji jako svý boty režiséra Curtise Hansona s Cameron Diazovou# oceněný film Zabití Jesseho Jamese zbabělcem Robertem Fordem v hlavní roli s Bradem Pittem a Casey Affleckem# A-Team s Liamem Neesonem a Bradley Cooperem# a Mezi vlky s Liamem Neesonem. Filmy Before I Go To Sleep  v režii Rowana Joffeho v hlavní roli s Nicole Kidman a Reykjavík, který bude režírovat Mike Newell s Michaelem Douglasem a Christophem Waltzem v hlavních rolích, se budou natáčet v letošním roce. Ridley Scott je také výkonným producentem snímku Život v jednom dni, dokumentárního filmu natáčeném filmaři po celém světě, který slouží jako časová kapsle, která má ukázat budoucím generacím, jaké to bylo být naživu během 24. července 2010.Scott také produkoval pro televizi, na Zlatý glóbus nominovaný, televizní seriál Dobrá manželka odvysílanýv roce 2010, mezi další seriály z jeho produkce patří Pilíře země, stejně jako Vražedná čísla, které byly odvysílány v letech 2005-2010.  Ridley Scott byl zároveň výkonným producentem na několika dlouhometrážních projektech včetně A&E minisérie Kmen Andromeda podle románu Michaela Crichtona# TNT minisérie The Company# a Zlatým glóbem oceněném HBO filmu RKO 281 aneb Občan Kane v hlavní roli s Lievem Schreiberem jako Orsonem Wellesem# Stahující se mračna v hlavní roli s Albertem Finneym a Vanessou Redgraveovou v režii Richarda Loncraina# a V srdci bouře: Churchill ve válce režiséra Thaddeuse O'Sullivana. Ridley Scott v současnosti připravuje natáčení televizního pilotu pro Sony Pictures Television, jehož děj se odehrává ve Vatikánu. Seriál odhaluje vztahy a řevnivost, ale i tajemství a zázraky v katolické církvi. Scott je režisérem a výkonným producentem projektu.V roce 2003 byl Scott pasován na rytíře Řádu britského impéria za jeho přínos umění.;Klan Gucci (2021) (Výjimečný britský film) | Marťan (2015) (Nejlepší režie) | Gladiátor (2000) (Nejlepší režie);Gladiator;
Russell;Crowe;;Nový Zéland;1964-04-07;;V každém směru originální Novozélanďan nenávidí Hollywood a nehodlá se nikomu a ničemu podřizovat.Skvělý byl jako kněz-pistolník, římský vojevůdce, geniální matematik i námořník, ale kdo je jejich představitel, o němž se říká spousta věcí, které nejdou zrovna dohromady? Sukničkář, který se nezastaví před ničím nebo utajený romantik, jenž čekal na pravou lásku? Chlapík, co se drží starých kamarádů nebo namyšlený snob, který se stal slavným? Nespolehlivý opilec a rváč nebo jen svérázný Novozélanďan? Jisté je jen jedno, divačky ho milují a Russellu Croweovi pramálo záleží na tom, co se o něm říká a jak vypadá. Charismatický protinožec si žije podle svého a přesvědčivě ztvárňuje další a další protikladné postavy.Nejznámější rodák z Nového Zélandu se s rodiči ve čtyřech letech přestěhoval do australského Sydney. Rodiče pracovali ve filmovém cateringu a malý Russell se tak často míhal v malých dětských rolích. V roce 1978 se ale rodiče vrátili na Nový Zéland a tím skončily příležitosti pro dětského herce, který tu nechal školy a začal se živit jako DJ v nočních klubech a rockový zpěvák s hřívou pod jménem Russ le Roq. Nahrál svůj první single „I Want to Be Like Marlon Brando“ (1980), ačkoli mnohem později, když mu reputace herce-rváče vynesla srovnávání právě s Brandoem, namítal, že v té době neviděl jediný film hereckého předchůdce. Rocku zůstává Crowe věrný dodnes. Pro svoji kapelou 30 Odd Foot of Grunts stále píše texty písní, zpívá, hraje na kytaru a po úspěchu Gladiátora v roce 2000 uspořádali koncert v texaském Austinu, na který prodávali vstupenky za 500 dolarů.Ovšem na začátku osmdesátých let se vrátil do Austrálie, získal roli v představení muzikálu Pomáda a další dva roky vystupoval v The Rocky Horror Picture Show, z příštího muzikálu (Blood Brothers, 1989) už vedla cesta k jeho prvnímu filmu Krvavá přísaha (1990). V příštím filmu ze stejného roku (The Crossing) už hrál hlavní roli a za snímky Důkaz (1991) a Romper Stomper (1992) zaslouženě získal cenu australského filmového institutu. Tradice rozličnosti Croweových postav se konstituovala již v hercově australském období, proto není divu, že ztvárnění nacistického skinheada v Romper Stomper následoval homosexuální opravář (Jsou z nás, 1994). Sharon Stone viděla některý z jeho australských filmů a přesvědčila producenty westernu Rychlejší než smrt, aby mu svěřili postavu kněze, pistolníka a její lásky. Hollywoodský filmový debut byl stvořen a Crowea nebylo možné přehlédnout ani vedle Gene Hackmana a začínajícího Leonarda DiCapria. Ve stejném roce si zahrál roli virtuálního sériového vraha ve sci-fi Virtuozita.;Čistá duše (2001) (Nejlepší herec v hlavní roli) | Gladiátor (2000) (Nejlepší herec v hlavní roli) | Insider: Muž, který věděl příliš mnoho (1999) (Nejlepší herec v hlavní roli;;Gladiator
Brian;Singer;;USA;1965-09-17;;Bryan Singer už od svého hraného debutu a vítěze hlavní ceny poroty ze Sundance Public Access soustavně baví diváky filmy, které vynikají odvážným vizuálním stylem a propracovanými postavami. Singer se do všeobecného povědomí dostal v roce 1995 mysteriózním thrillerem Obvyklí podezřelí, v němž hráli Chazz Palminteri, Benicio Del Toro, Stephen Baldwin, Gabriel Byrne, Kevin Pollack a Kevin Spacey. Film získal dva Oscary, pro Spaceyho za nejlepšího herce ve vedlejší roli a pro scénáristu Christophera McQuarrieho za nejlepší původní scénář.Následujícím Singerovým snímkem byl kritikou chválený Nadaný žák, adaptace novely Stephena Kinga s držitelem dvou oscarových nominací Ianem McKellenem v jedné z hlavních rolí.Singer navázal dvěma nesmírně úspěšnými filmy, trhákem léta 2000 X-Men a jeho ještě úspěšnějším pokračováním X-Men 2 z roku 2003. Adaptací se ujal s vědomím, že budou podrobeny hodnocení davu obdivovatelů čtyřicet let starého komiksu. Fanoušci komiksu i noví diváci však Singerovu vizi, hladce spojující akční a dobrodružný žánr se sci-fi, nadšeně přijali, jakož i hvězdné herecké obsazení v čele s Hughem Jackmanem, Patrickem Stewartem, Ianem McKellenem a Halle Berryovou.Po obrovském úspěchu prvních dvou filmů o X-Menech Singera oslovilo studio Warner Bros., aby se ujal režie snímku Superman se vrací. První velkofilm natočený na digitální kameru Panavision Genesis nadchl fanoušky i filmové kritiky a nalákal do kin diváky po celém světě, ať už na tradiční formát nebo na IMAX 3-D. Také to byl první hraný akční film, který s velkým úspěchem využil proces postkonverze do 3D.;X-Men: Apokalypsa (2016) (Nejlepší režie) | X-Men: Budoucí minulost (2014) (Nejlepší režie) | Valkýra (2008) (Nejlepší režie);Bohemian Rhapsody;
Dexter;Fletcher;;Velká Británie;1966-01-31;;Narodil se v Londýně jako jeden ze tří bratrů. Jeho úplně první seznámení s hereckým řemeslem proběhlo už když byl malý kluk a hrál v divadelní škole Anna Scher. Úplně první film, kde se objevil ještě jako desetiletý, byl BUGSY MALONE (1976).Zlomovým dílem se pak pro něj stal snímek SPIS O RÁCHEL (1989), kde hrál mladého muže snažícího se přijít o panictví. Avšak role, ve které se proslavil nejvíce, přišla až se seriálem PRESS GANG (1989), kde ztvárnil milence Julii Sawalhe. Této role se ujmul i v soukromém životě a Julia se stala jeho životní láskou. Bohužel jen dočasně.V současné době jej můžeme vidět v populárním seriálu HOTEL BABYLON (2006) a také jsme ho měli možnost vidět v hororovém snímku AUTUMN (2009) po boku dnes již zesnulého velikána Davida Carradina.Jeho bratři, Steve Fletcher a Graham Fletcher Cook, natočili jen několik filmů, avšak v jediném filmu, a to v THE RAGEDDY RAWNEY (1988) lze vidět celé bratrské trio včetně Dextera pohromadě.;Divoký Bill (2011) (Výjimečný debut britského scénáristy, režiséra nebo producenta);Bohemian Rhapsody;
Damien;Chazelle;;USA;1985-01-19;;Damien Chazelle (1985, Providence, Rhode Island, USA) promoval na Harvardskej univerzite s diplomom z výtvarného umenia a environmentalistiky. Svoj prvý hraný film Guy a Madeline na lavičke v parku (Guy and Madeline on a Park Bench, 2009), napísal a režíroval ešte ako študent. Film sa v kinách objavil až v roku 2010, no čoskoro sa objavil v sledovaných rebríčkoch prestížnych amerických novín ako napr. The New York Times, The Village Voice, The Chicago Tribune, The…;2017 - La La Land (2016) (Nejlepší režie)|2017 - La La Land (2016) (Nejlepší původní scénář)|2015 - Whiplash (2014) (Nejlepší adaptovaný scénář);Babylon;
Colin;Firth;;Velká Británie;1969-09-10;;Britský herec Colin Firth se narodil 10. Září 1960 v akademické rodině v Grayshottu v Anglii. Jako malé dítě cestoval s rodiči po světě. Když mu byly pouhé dva týdny, jeho rodiče ho vzali do Nigérie, kde strávil svoje první roky života. V roce 1971 se rodina na rok přesunula do Ameriky, do St. Louis. Odmala byl rozhodnutý stát se hercem a vlastně nikdy nic jiného nedělal. V letech 80-83 studoval drama v prestižním Drama Centre v Londýně. Nebyly to lehké časy. Žil ve zchátralé ložnici v Severním Londýně, neměl moc peněz, v botách měl díry a docházel hrát do divadla dvě míle vzdáleného. V Drama Centre na sebe upozornil jako Hamlet a vzbudil takovou pozornost, že získal roli v Queens Theatre v Londýně ve hře Another Country. V této hře se sešlo několik budoucích hereckých hvězd - Rupert Everett, Kenneth Branagh nebo Daniel Day Lewis. I přes rychlý rozjezd jeho kariéry, věnoval se Firth dalších pár let divadlu a práci v televizi. V roce 1989 dostal hlavní roli ve Formanově filmu Valmont. Tady také potkal Meg Tillyovou, se kterou má syna. Několik let spolu žili, ale v roce 1993 se rozešli, svého syna se však snaží vídat co nejčastěji. Firth se objevuje po boku Petera OToola v Křídlech slávy. Polovina devadesátých let byla pro něj zlomová - pan Darcy v Pýše a předsudku, role v oscarovém Anglickém pacientovi, Firth je posedlým fotbalovým fanouškem v adaptaci knihy Nicka Hornbyho Fotbalová horečka. Z poslední doby jsou jeho největšími úspěchy oba díly Deníku Bridget Jonesové a vánoční romance Láska nebeská.;Králova řeč (2010) (Academy Awards, Golden Globes, British Academy of Film and Television Arst, New York Film Critics Circle Awards, Los Angeles Film Critics Association Awards, European Film Awards, Florida Film Critics Circle Awards, British Independent Film Awards - Nejlepší herec v hlavní roli) | Single Man (2009) (Venice Film Festival - Coppa Volpi pro nejlepšího herce) (2010) (BAFA - Nejlepší herec v hlavní roli) | Deník Bridget Jones (2001) (European Film Awards - Nejlepší herec podle diváků)  ;;Mamma Mia! Here We Go Again | Kingsman:Tajná služba | Kingsman: Zlatý kruh | Deník Bridget Jonesové | Bridget Jonesová - S rozumem v koncích | Dítě Bridget Jonesové | Králova řeč | Láska nebeská | Single man | Anglický pacient | Valmont | Pýcha a předsudek (6 epizod)
Tom;Cruise;;USA;1962-07-03;;Největší hitmaker v Hollywoodu, v takové pozici se už roky nachází herecká hvězda Tom Cruise, herec, jenž se narodil v kočovné rodině, která se neustále stěhovala kvůli práci jeho otce (inženýra). Kvůli stěhování měl problémy s učením, které byly spojeny s jeho dyslexií a tak vynikal pouze ve sportu. Po dokončení střední školy se v roce 1980 odhodlal pro hereckou kariéru.;Top Gun: Maverick (2022) (Nejlepší film);;Top Gun: Maverick
Vanessa;Kirby;;Velká Británie;1988-04-18;;Vanessa Kirby je televizní a filmová herečka známá především v anglické scéně. Vanessa má další dva sourozence (bratra a sestru), její otec je urolog a chirurg se specializací na onemocnění prostaty. V letech 2016–2018 ztvárnila princeznu Margaret v seriálu skupiny Netflix – The Crown Petera Morgana.  Za tuto roli získala v roce 2018 cenu BAFTA za nejlepší herečku v podpůrné roli v televizním seriálu.;Střípky ženy (2020) , (Nejlepší herečka v hlavní roli);;Mission: Impossible - Fallout
Emily;Blunt;;Velká Británie;1983-02-23;;Celé jméno Emily Blunt je Emily Olivia Leah Blunt. Její otec, Oliver Blunt, patří mezi významné londýnské právníky a matka, Joanna Mackie, je profesorkou. Má také tři sourozence - sestry Felicity a Susannah a bratra Sebastiana. V dětství navštěvovala školu Ibstock Place. Od osmi do čtrnácti let trpěla koktáním. Jednou učitel Emily při jedné hře poprosil, aby postavu namluvila se severským přízvukem. Emily ke svému překvapení zjistila, že během hraní se její vada řeči vytrací. V 16 letech přešla na soukromou vysokou školu Hurtwood House, která je známá svým důrazem na umění. Emily byla mezi vybranými studenty, kteří vystupovali na Edinburghském filmovém festivalu, kde byla také objevena hledačem talentů.;Na hraně zítřka (2014), (Nejlepší herečka);;Mary Poppins se vrací (2018)
Mike;Newell;;Velká Británie;1942-03-28;;Celým jménem Michael Cormac Newell se narodil 28. března 1942 v Hertfordshire, Anglie. Jako klič k cestě filmového tvůrce označuje Michael televizi, jenž mu na začátku 60. a později 70. let otevřela cestu k postu světoznámého režiséra. Vystudoval na Cambridge. Po ukončení studia v roce 1963 se stavá zaměstnancem Granada Television, kde se zaučuje v produkci, aby se tak připravil na svůj režijní debut, který následuje o několik let později.;"British Academy of Film and Television Arts (BAFTA) (1995) Štyri svadby a jeden pohreb | Mezinárodní filmový festival Karlovy Vary (1995) | European Film Awards (1997) Krycie meno Donnie Brasco | The Saturn Awards (2006) Harry Potter a Ohnivá čaša
";Harry Potter a Ohnivá čaša | Dobrodružstvá mladého Indianu Jonesa | Štyri svadby a jeden pohreb ;Harry Potter 20 let filmové magie: Návrat do Bradavic
Daniel ;Radcliffe;;Velká Británie;1989-07-23;;Zvědavost, věrnost, potřeba spravedlnosti a talent na průšvihy. Tohle všechno jsou vlastnosti, které charakterizují nadaného bradavického kouzelníka Harryho Pottera a k nimž se hlásí i tento mladý ambiciózní herec. Daniel se chtěl stát hercem už v pěti letech, ale jeho rodiče (matka Marcia Gresham - castingová režisérka, a otec Alan Radcliffe - literární agent), kteří se sami pohybovali ve světě filmu s tím nespěchali. A pak se to díky rodičům i náhodě stalo! Jednou, když šla rodina na londýnské představení, potkali se tam s producenty Davidem Haymanem a Stevem Klovesem. Pak už jen přišla pozvánka na konkurz, který Daniel samozřejmě vyhrál.;;;
Emma;Watson;;Velká Británie;1990-04-15;;Emma strávila dětství v britském Oxfordu, kam se ve svých pěti letech přestěhovala po rozvodu svých rodičů z Paříže. Když se v devíti letech dozvěděla, že byla vybrána do hlavní ženské role ve fantasy sáze Harry Potter, neměla pravděpodobně vůbec tušení, do jaké míry to změní její život a jaké dveře se před ní díky tomu otevřou. První díl dorazil do kin v roce 2001. Následovalo v přibližně dvouletých intervalech sedm dalších pokračování. F;2017 Golden Raspberry Awards (Razzies) | 2018, 2012, 2002 The Saturn Awards;;
Alan;Rickman;;Velká Británie;1946-02-21;2016-01-14;"„Kdyby tak byl život o něco jemnější a umění o něco víc silné."" Výrazná herecká persona britského filmu a divadla, londýnský rodák s nezaměnitelně dramatickým hlasem a především muž, který dokázal dát svým postavám hloubku, city, charisma i humor. I když hrál Rickman od mládí divadlo, kde sklízel úspěch kupříkladu jako vikomt Valmont v broadwayské verzi Nebezpečných známostí, v celovečerním filmu se objevil až ve svých čtyřiceti dvou letech. ";"Golden Globes
Emma;Thompson;;Velká Británie;1959-04-15;;Nie je veľa herečiek, ktoré by dokázali s prehľadom zahrať postavy v klasických historických adaptáciách a rovnako presvedčivo by vedeli zvládnuť aj komediálne party. Jednou z nich je určite aj Emma Thompson, jedna z najuznávanejších britských herečiek súčasnosti.;Rozum a cit (1995) (Nejlepší adaptovaný scénář) | Rodinné sídlo (1992) (Nejlepší herečka v hlavní roli);;Harry Potter and the Deathly Hallows: Part 2 | Harry Potter and the Prisoner of Azkaban | Harry Potter and the Order of the Phoenix | Sense and Sensibility
Renée;Zellweger;;USA;1969-04-25;;Na texaské univerzitě v Austinu studovala angličtinu a v té době si začala uvědomovat, jakou radost jí činí hrát ve školních představeních. Postupně ji začal přitahovat taky oslnivý svět filmu a tak čas od času jezdila na konkurzy do Dallasu. Živila se jako servírka a od roku 1992 si zahrála v několika béčkových filmech, mezi nimiž září propadák Masakr v Texasu (1994) s tenkrát stejně neznámým Matthewem McConaugheyem. Naštěstí se současně objevila v nezávislém filmu Láska a pětačtyřicítka a v Bolestné realitě, druhém režijním pokusu Bena Stillera, kde už její jméno stálo vedle Winony Ryder a Ethana Hawkea. Tehdy konečně pochopila, že jestli se chce stát skutečnou herečkou, musí se odstěhovat do Hollywoodu. Chvíli na to dostala roli v životopisném dramatu o spisovateli Robertu E. Howardovi, Celý širý svět. Právě tam si jí všiml režisér Cameron Crowe a namísto hereček, jako Mira Sorvino, Winona Rider, Marisa Tomei nebo Bridget Fonda ji obsadil do hlavní role svého filmu Jerry Maguire, s pěti oscarovými nominacemi. Hvězdou romantické komedie ze sportovního prostředí byl Tom Cruise, ostatně tak to mělo být i podle scénáře. René dostala za úkol pouze ztvárnit osamělou matku Dorothy, nenápadnou a nijak atraktivní účetní ve firmě, jejíž hvězdou je špičkový sportovní agent - Cruise. Pohádka dobře skončila nejen ve filmu a z anonymní herečky se rázem stala hvězda, která se dokázala vyrovnat slavnému Cruisovi.;Judy (2020) (Academy Awards, Golden Globes, BAFTA, BIFA, Independent Spirit Awards - Nejlepší herečka v hlavní roli) | Návrat do Cold Mountain (2004) (Academy Awards, Golden Globes, BAFTA - Nejlepší herečka ve vedlejší roli) | Chicago (2003) (Golden Globes - Nejlepší herečka - komedie, muzikál);;Deník Bridget Jonesové | Chicago | Bílý oleandr | Návrat do Cold Mountain | Bridget Jonesová - s rozumem v koncích | Těžká váha | Miss Potter | Dítě Bridget Honesové | Judy
Helena;Bonham Carter;;Velká Británie;1966-05-26;;Helena se narodila 26. 5. 1966 ve znamení Blíženců v Londýnské čtvrti Golden Green v rodině vysokých politických hodnostářů a filmových profesionálů (její pradědeček H. H. Asquith byl v letech 1908-1916 předsedou vlády Velké Británie). V životě ji nejvíce ochromila operace mozku, kterou prodělal její otec – byl po ni kompletně paralyzován. Za roli ve Wings of the Dove režiséra Iana Softleyho získala nominaci na Oscara v kategorii Nejlepší herečka, Zlatý globus a cenu Screen Actors Guild. Je také držitelkou ocenění Canadian Genie Award (za film Margaret's Museum) a byla nominována na Emmy (za roli v seriálu Merlin). V poslední den natáčení jejího celovečerního debutu Lady Jane jí James Ivory nabídnul hlavní roli ve filmu Pokoj s vyhlídkou. Tím odstartoval sérii adaptací románů E. M. Forster, díky kterým Bonham Carter získala mezinárodní uznání.;Králova řeč (2011) (BAFTA, BIFA - Nejlepší vedlejší herečka) | Křídla vášně (1997) (Los Angeles Film Critics Association Awards - Nejlepší herečka) | Mezi mužem a ženou (2005) (Tokyo International Film Festival - Nejlepší herečka);Miminka z divočiny (seriál);Lady Jane | Křídla vášně | Králova řeč | Harry Potter a Fénixův řád | Harry Potter a Princ dvojí krve | Harry Potter a Relikvie smrti - část 1 | Harry Potter a Relikvie smrti - část 2 | Alenka v říši divů | Popelka | Alenka v říši divů: Za zrcadlem | Debbie a její parťačky | Koruna | Merlin | Rodinné sídlo | Frankenstein | Večer tříkrálový | Hamlet | Srdce v sázce
Libuše;Šafránková;;Česká republika;1953-06-07;2021-06-09;Libuše Šafránková od dětství chodila do různých dramatických kroužků a nezištně hrála i v divadle. Později v době, kdy ještě studovala na dramatickém oddělení brněnské konzervatoře, zazářila na scéně brněnské Mahenovy činohry v titulní roli Shakespearovy Julie a hned na to v témže roce (1971), ztvárnila nezapomenutelnou roli Barunky ve dvoudílném filmu Babička. Po asi téměř ročním působení v pražském Divadle za branou přešla v roce 1972 do Činoherního klubu, kde odehrála např. roli Niny Zarečné v Krejčově inscenaci Racka nebo Colombinu v Menzelově komedii Tři v tom. Jejím prvním filmem byla role Moniky v Rodeu. Avšak v 70. až 80. letech to byly převážně role princezen, jako např. Večernice, princezna Milena (Třetí princ) nebo princezna z Malé mořské víly, kde si zahrála se svou o 5 let mladší sestrou Miroslavou Šafránkovou. Po rolích princezen ji začali režiséři obsazovat do rolí mladých dívek, ale až filmy Jiřího Menzela a Jana Svěráka ji představily v charakterově a typově různorodých postavách. Velkými diváckými úspěchy byly její účasti ve filmech Kolja (1996), za který získala Českého lva v kategorii Nejlepší ženský herecký výkon a v roce 1997 to byl film podle knihy Michala Viewegha Báječná léta pod psa, kde ztvárnila složitý charakter v časovém rozmezí 30 let. Ovšem její nejslavnější a nezapomenutelnou rolí zůstane navždy Popelka ze Třech oříšků pro Popelku.;Kolja (1996) (Český lev - Nejlepší herečka);;Babička | Tři oříšky pro Popelku | Jak utopit Dr. Mráčka aneb Konec vodníků v Čechách | Princ a Večernice | Jak je důležité míti Filipa | Vrchní, prchni! | Třetí princ | Sůl nad zlato | Svatební cesta do Jiljí | Slavnosti sněženek | Jára Cimrman ležící, spící | Vesničko má středisková | Obecná škola | Kolja | Nesmrtelná teta
Václav;Vorlíček;;Česká republika;1930-06-03;2019-02-05;"Václav Vorlíček se narodil v Praze. V letech 1951 až 1956 vystudoval režii na pražské FAMU, studia ukončil krátkým hraným filmem DIREKTIVA. Jako asistent režie nastoupil do filmového studia Barrandov a záhy se vypracoval na místo pomocného režiséra. Na začátku 60. let zahájil samostatnou režijní práci. Jeho debutem se stala dětská detektivka PŘÍPAD DUBÍNEK, jejíž příběh se odvíjel kolem pátrání po ztraceném kufru s loutkami pionýrského souboru. První Vorlíčkovy filmy patřily z hlediska námětu, kvalit scénáře i zpracování k dobovému průměru, nicméně naznačily režisérův talent a potenciál. U diváků poprvé zabodoval parodií na komiksové seriály KDO CHCE ZABÍT JESSII? Jak herecké obsazení v čele s krásnou Olgou Schöberovou a komediálně zdatným Jiřím Sovákem, tak i kreslená složka talentovaného výtvarníka Káji Saudka spolu s nápaditou režií dohromady vytvořily předpoklady pro nebývalý komerční úspěch. Snímek získal na Mezinárodním festivalu vědecko-fantastických filmů v Terstu v roce 1966 hlavní cenu a podobně zabodoval i na filmovém festivalu v Locarnu. Režisér našel svou parketu v tvorbě dobrodružných a utopicky laděných filmů v komediálním žánru. Potvrdil to parodií na špionážní snímky bondovského typu KONEC AGENTA W4C PROSTŘEDNICTVÍM PSA PANA FOUSTKY, jejíž příběh zasadil do ""malého"" českého prostředí a chytře proti sobě postavil dva výrazně odlišné herecké typy - Jana Kačera a Jiřího Sováka.";Cena prezidenta MFF Karlovy Vary (2017) (Mezinárodní filmový festival Karlovy Vary);"Arabela | Létající Čestmír | Křeček v noční košili | Kdo chce zabít Jessii? | ""Pane, vy jste vdova!"" | Dívka na koštěti | Tři oříšky pro Popelku | Jak utopit Dr. Mráčka aneb Konec vodníků v Čechách | Jak se budí princezny | Což takhle dát si špenát | Princ a Večernice | Mladé víno | Jezerní královna | Pták Ohnivák";
Vladimír;Menšík;;Čekoslovensko;1929-10-09;1988-05-29;"""Humor je vážná věc. Jakákoliv tvořivá práce se neobejde bez vnitřní pohody tvůrce. Radost a utrpení je možné v umění zúročit jenom tehdy, když je do hloubky zažité. Jsou sice v životě člověka události a situace nad jeho síly, ale častěji nás trápí a rozdrobují rozličné malichernosti, kterým připisujeme větší význam, než ve skutečnosti mají. Schopnost uchovat si vnitřní pohodu spočívá v tom, najít věcem pravé místo v žebříčku hodnot a věnovat se podstatnému. Populární může být na čas i diletant, zatímco dobrý herec někdy zůstává na okraji diváckého i odborného zájmu. Lidovost je v pravdivosti a ani humor není humorem bez lidskosti a laskavosti.“ - Z knihy V. Menšíka Stromeček mého veselého života. Vladimír Menšík, rodák z moravských Ivančic, je mnohými považován za nejlepšího českého filmového herce všech dob. Už od dětství rád chodil na poutě, hody, veselice a byl vším tím světem kolotočů, cirkusů a šumařů ohromen. Začínal v hudebním souboru Adolfa Pištěláka. Otci se ale jeho umělecké řádění nelíbilo, a tak Vladimír musel nejprve vystudovat průmyslovou školu a nastoupit do práce v Brněnských strojírnách. Divadlo jej však dále lákalo.";;;"Chalupáři | Arabela | Létající Čestmír | Práče | Limonádový Joe aneb Koňská opera | Bílá paní | Nahá pastýřka | Kdo chce zabít Jessii? | Všichni dobří rodáci | Spalovač mrtvol | Světáci | Slasti otce vlasti | ""Pane, vy jste vdova!"" | Dívka na koštěti | Tři oříšky pro Popelku | Jak utopit Dr. Mráčka aneb Konec vodníků v Čechách | Zítra vstanu a opařím se čajem | Jak se budí princezny | Což takhle dát si špenát | Princ a Večernice | Zlatí úhoři | Princové jsou na draka | Zralé víno | Mladé víno | Dobří holubi se vracejí"
Jiřina;Bohdalová;;Česká republika;1931-05-03;;Dáma českého filmu Jiřina Bohdalová se narodila 3. května 1931 v Praze. Její otec František Bohdal byl vyučeným truhlářem, matka Marie Bohdalová (roz. Brunnerová) pracovala jako služebná a ve volném čase se s oblibou věnovala ochotnickému divadlu. V tomto ohledu měla velký vliv i na svou dceru: jako malou ji zapsala do baletní školy Niny Gordon-Mládkové a následně i do komparzu. Maminčinou zásluhou také zazářila jako dětská hvězdička v němém filmu PIŽLA A ŽIŽLA NA CESTÁCH (1937) nebo v prvorepublikové veselohře MADLA ZPÍVÁ EVROPĚ (1940). Roku 1937 začala chodit do základní (tenkrát obecné) školy v pražském Žižkově, ulice Štítného. V roce 1949 úspěšně složila maturitní zkoušku na soukromém dívčím reálném gymnáziu Charity školních sester. Prestože se divadlu a filmu věnovala od malička, na DAMU ji přijali až po třetí zkoušce. Po maturitě si nějakou dobu budovala kariéru učitelky na základní škole v Ostravě, kde se seznámila se svým budoucím manželem Břetislavem Stašem. Studium herectví musela po druhém ročníku přerušit jak z vážných rodinných důvodů tak z narychlo konané svatby s B. Stašem. Za nedlouho se totiž měla narodit jejich dcera Simonka.;Fany (1995) (Český lev - Nejlepší herečka) | Nesmrtelná teta (1993) (Český lev - Nejlepší herečka) | Cena za mimořádný umělecký přínos české kinematografii (2016) (Mezinárodní filmový festival Karlovy Vary);;"Chalupáři | Létající Čestmír | Madla zpívá Evropě | Bílá paní | Světáci | ""Čtyři vraždy stačí, drahoušku"" | Princové jsou na draka | Lucie, postrach ulice | Smích se lepí na paty | Nesmrtelná teta | Fany | Jezerní královna | Pták Ohnivák | Láska rohatá | Duch nad zlato | Anděl Páně 2 | Pěnička a Paraplíčko"
Hugh;Grant;;Velká Británie;1960-09-09;;Vyrůstal v docela obyčejné rodně – matka byla učitelka a otec prodával koberce na předměstí Londýna, ale jakožto dobrý student získal stipendium na prestižní univerzitu Oxford, kde s červeným diplomem vystudoval anglickou literaturu. Hughovo první dilema vychází z toho, že oba jeho rodiče pocházeli z armádních rodin a Hugh by jednou rád hrál ve filmu z období druhé světové války, ale jeho otec si to nepřeje, protože je přesvědčen, že všechny filmy jsou jen vulgarizací pravdy. Během studií hrál ve školních inscenacích a ačkoli chtěl být spisovatelem, musel si na svůj studentský život taky nějak přivydělat. Nejdřív to zkoušel jako autor fotorománů, ale honorář ho zdaleka neuspokojoval, takže se poprvé rozhodl prodat svou pěknou tvářičku a vyrazil na casting. V dvaadvaceti se poprvé objevil ve filmu a po škole v tomto snadném vydělávání si peněz pokračoval. Do konce osmdesátých let hrál v nejrůznějších televizních filmech a seriálech, k čemuž dodává: „že jsem slavný, to jsem si uvědomil ve chvíli, kdy mi vyhradili místo na parkovišti před televizní budovou BBC. Většina seriálových herců totiž na natáčení dojíždí autobusem.“;Čtyři svatby a jeden pohřeb (1994) (Golden Globes - Nejlepší herec - komedie/muzikál, BAFTA - Nejlepší herec v hlavní roli) | Maurice (1987) (Venice Film Festival - Coppa Volpi pro nejlepšího herce);;Maurice | Champagne Charlie | Hořký měsíc | Čtyři svatby a jeden pohřeb | Rozum a cit | Čas smyslnosti | Neobvyklé dobrodružství | Notting Hill | Mickovy modré oči | Deník Bridget Jonesové | Láska s výstrahou | Láska nebeská | Atlas mraků | Hudbu složil, slova napsal | Bridget Jonesová - S rozumem v koncích | Gentlemani
Viggo;Mortensen;;USA;1958-10-20;;To prvé a najhlavnejšie, čím sa líši od väčšiny svojich kolegov, je jeho angažovanie sa v množstve nehereckých umeleckých aktvít. Viggo totiž nie je iba čoraz populárnejší herec, ale je tiež básnik, fotograf, maliar a hudobník. Veľa inšpirácie pre vkladanie svojich pocitov do umeleckých výtvorov mu určite dodalo aj pestré detstvo, ktoré strávil hneď v niekoľkých svetadieloch sveta. Narodil sa v New Yorku, od dvoch do jedenástich rokov cestoval s rodinou po juhoamerických krajinách ako Venezuela a Argentína a neskôr žil i v Dánsku, kde pracoval ako šofér kamiónu (jeho matka je Američanka a otec Dán). Aj vďaka tomu ostatne rozpráva plynule španielsky i dánsky. Herectvo začal študovať po návrate do New Yorku. Hoci bola jeho prvá rolička iba vedľajšou, Mortensen mal šťastie, že išlo zrovna o veľmi úspešný film Petera Weira s Harrisonom Fordom v hlavnej úlohe – SVEDOK. K hviezdnej sláve ho nedostal, no dvierka do Hollywoodu mu rozhodne pootvoril. Viggo sa vzdal svojho zbožňovaného New Yorku a dal sa na bývanie v Los Angeles. Bol si totiž vedomý toho, že pokiaľ chce uspieť v hollywoodskej branži, je práve toto miesto tým jediným východzím bodom.;San Sebastián International Film Festival 2020 - (Cena za celoživotní přínos filmu);Ještě máme čas;Zelená kniha | Pán prstenů: Návrat krále | Pán prstenů: Dvě věže | Pán prstenů: Společenstvo Prstenu
Jesse;Eisenberg;;USA;1983-10-05;;Jesse Eisenberg je americký herec. Narodil se 5.10.1983 v New Yorku a vyrůstal v Queensu a New Jersey. Byl přijat na New York University, ale odmítl kvůli práci na filmu. Jesse poprvé vystoupil na Broadwayi v roce 1996, jako dublující herec ve hře Summer and Smoke. Jeho debut na televizních obrazovkách byl roku 1999 v seriálu GET REAL.Po účinkování v TV filmu OHEŇ Z NEBE si zahrál roli Nicka ve filmu ROGER DODGER, za kterou později dostal ocenění na filmovém festivalu v San Diegu. Dále se objevil ve snímku KLUB VYVOLENÝCH. Oba tyto filmy byly vydány v roce 2002 s pozitivním ohlasem. Mohli jsme ho také zhlédnout v hororu PROKLETÍ a v komediálním dramatu OLIHEŇ A VELRYBA po boku Jeffa Danielse. V roce 2007 se objevil v roli mladého žurnalisty v akční komedii LOVCI STÍNŮ vedle Richarda Gerea a Diane Kruger. O dva roky později hrál hlavní roli v romantické komedii ZÁBAVNÝ PARK a ve filmu HOLY ROLLERS, kde hraje židovského dealera extáze a ve snímku SOLITARY MAN.;Golden Raspberry Awards (Razzies) 2016 - Batman vs Superman: Úsvit spravedlnosti (2016) (Nejhorší herec ve vedlejší roli);When You Finish Saving the World (2022);Podfukáři | Podfukáři 2 | Zombieland | Sociální síť 
Maika;Monroe;;USA;1993-05-29;;Maika Monroe Buckley, jak zní její celé jméno, se narodila v kalifornské Santa Barbaře 29. května 1993. Kromě herectví se profesionálně věnuje freestyle kiteboardingu (surfování na speciálním prkně za tažným drakem), kterému se ve šlépějích svého otce začala věnovat od jedenácti let. Kvůli tréninku se dokonce na čas přestěhovala na severní pobřeží Dominikánské republiky, zatímco studium dokončila online způsobem. Usilovná píle brzy začala přinášet ovoce, její sportovní kariéra stoupala vzhůru a vrcholem bylo druhé místo v mezinárodní soutěži Red Bull Air. Maika však současně začala laborovat s herectvím - po malých roličkách ve filmu BAD BLOOD (2006) a v jedné epizodě sci-fi seriálu Eleventh Hour (2009) se mihla v dramatu ZA KAŽDOU CENU (At Any Price, 2012). Jistým průlomem v herecké kariéře byla vedlejší role Mandy ve filmu Jasona Reitmana PRODLOUŽENÝ VÍKEND (Labor Day, 2013). Větší role, byť ve skromnějších produkcích, se záhy dostavily: role Anny čelící psychopatovi vydávajícího se za rodinného přítele v akčním thrilleru THE GUEST (2014) a středoškolačky Jay stíhané přízraky v hororu NEUTEČEŠ (It Follows, 2014). Že se Maika Monroe bude dále objevovat v hledáčku produkcí dokazuje fakt, že ji v roce 2015 uvidíme ve westernu DEMONS OF WAR a ve sci-fi BOKEH. O rok později se po boku Chloë Grace Moretz objeví v postapokalyptické sci-fi THE FIFTH WAVE (2016).;;;Neutečeš 
Sigourney;Weaver;;USA;1949-10-8;;Susan Alexandra Weaverová, Newyorčanka so židovskou krvou, pochádza z prominentnej rodiny (matka anglická herečka, otec prezident NBC) a študovala v prominentných školách (Yale, dievčenská škola Ethel Walkerovej, Stanford University). Je prototypom silnej ženy, emancipovanej ale nie feministickej, schopnej nájsť si čas na kariéru aj rodinu, neprivoláva škandály a už od roku 1984 žije s nekonfliktným režisérom divadelných hier Jimom Simpsonom, v ktorého BENÁTSKOM KUPCOVI aj hrala.;Gorily v mlze (1988);;

